City,Date,pm10,so2,dew,wind-speed,co,o3,temperature,humidity,pressure,wind-gust,pm25,no2,precipitation,wd
Hyderabad,401.0,82.0,3.0,15.0,1.4,4.2,14.6,29.5,40.0,1012.5,0.0,93.0,11.4,0.0,0.0
Hyderabad,402.0,82.0,2.4,16.5,1.2,5.5,14.9,29.5,42.0,1012.0,0.0,125.0,14.3,0.0,0.0
Hyderabad,403.0,82.0,2.6,21.0,1.3,5.9,13.0,29.0,52.2,1012.5,0.0,127.0,14.0,0.0,0.0
Hyderabad,404.0,72.0,2.0,20.0,1.2,5.2,12.0,29.0,51.0,1013.5,0.0,106.0,12.9,0.0,0.0
Hyderabad,405.0,62.0,3.0,15.0,1.1,3.8,21.4,28.6,44.5,1015.0,0.0,90.0,8.3,0.0,0.0
Hyderabad,406.0,60.0,3.1,16.5,0.9,4.7,15.7,28.5,46.0,1013.5,0.0,98.0,15.2,0.0,0.0
Hyderabad,407.0,61.0,2.6,16.5,1.1,4.1,16.9,29.3,46.5,1012.0,9.2,95.0,8.4,0.0,0.0
Hyderabad,408.0,66.0,2.6,18.0,1.0,5.7,13.6,29.5,45.2,1011.0,0.0,93.0,13.5,0.0,0.0
Hyderabad,409.0,73.0,2.8,18.0,0.7,6.4,9.4,29.6,49.2,1012.5,0.0,114.0,18.7,0.0,0.0
Hyderabad,410.0,82.0,2.8,15.5,0.7,6.3,12.2,29.7,41.7,1013.0,0.0,124.0,19.2,0.0,0.0
Hyderabad,411.0,57.0,3.1,14.0,0.9,4.0,12.6,29.3,40.7,1013.0,0.0,95.0,8.2,0.0,0.0
Hyderabad,412.0,69.0,2.9,15.5,1.3,4.9,17.2,29.0,43.7,1012.5,12.3,99.0,10.6,0.0,0.0
Hyderabad,413.0,59.0,2.2,16.0,1.1,4.9,18.7,28.5,43.2,1012.5,0.0,87.0,13.7,0.0,0.0
Hyderabad,0.0,0.0,0.0,0.0,0.0,0.0,0.0,0.0,0.0,0.0,0.0,0.0,0.0,0.0,0.0
Hyderabad,415.0,65.0,2.6,14.8,1.1,4.3,17.1,28.8,38.0,1012.0,0.0,100.0,12.7,0.0,0.0
Hyderabad,416.0,76.0,3.1,11.5,1.4,4.8,18.4,29.0,37.0,1012.0,0.0,99.0,11.7,0.0,0.0
Hyderabad,417.0,63.0,2.5,15.5,1.2,4.0,15.9,29.0,40.7,1012.0,0.0,92.0,9.2,0.0,0.0
Hyderabad,418.0,74.0,2.6,19.0,1.2,5.7,16.2,29.1,50.3,1012.0,0.0,117.0,10.9,0.0,0.0
Hyderabad,419.0,57.0,1.3,19.5,1.2,4.7,16.0,28.9,56.7,1012.0,10.2,87.0,10.8,0.0,0.0
Hyderabad,420.0,51.0,1.8,20.5,1.5,4.5,13.9,28.9,59.0,1010.0,9.2,77.0,10.3,0.0,0.0
Hyderabad,421.0,51.0,2.1,20.5,1.5,4.3,15.8,29.4,48.5,1009.0,0.0,72.0,8.3,0.0,0.0
Hyderabad,422.0,55.0,1.9,19.5,1.3,4.5,17.0,29.2,56.5,1010.0,10.2,83.0,9.6,0.0,0.0
Hyderabad,423.0,59.0,2.8,18.0,1.2,5.5,15.5,29.2,49.2,1011.5,9.2,93.0,12.8,0.0,0.0
Hyderabad,424.0,62.0,2.2,17.0,1.2,5.0,18.9,30.3,41.0,1012.0,0.0,85.0,11.9,0.0,0.0
Hyderabad,425.0,69.0,2.6,15.0,1.1,5.2,16.8,30.0,39.0,1012.0,0.0,100.0,14.0,0.0,0.0
Hyderabad,426.0,74.0,2.9,15.0,1.2,5.0,23.1,29.4,39.0,1010.5,0.0,119.0,10.3,0.0,0.0
Hyderabad,427.0,84.0,2.7,15.5,0.9,5.4,23.3,29.6,40.2,1010.0,0.0,132.0,14.0,0.0,0.0
Hyderabad,428.0,78.0,3.3,17.0,1.0,5.3,19.8,29.6,41.0,1010.0,0.0,115.0,9.6,0.0,0.0
Hyderabad,429.0,72.0,3.1,18.5,1.0,5.1,19.6,29.8,44.2,1010.0,0.0,109.0,9.2,0.0,0.0
Hyderabad,430.0,73.0,2.5,19.0,1.2,4.6,18.6,29.5,46.0,1009.0,0.0,110.0,7.7,0.0,0.0
Delhi,401.0,104.0,8.8,9.5,2.0,7.0,17.5,27.7,34.2,986.9,8.2,119.0,15.9,0.0,246.7
Delhi,402.0,124.0,10.7,9.0,1.0,9.8,9.8,27.5,34.8,987.5,0.0,161.0,24.1,0.0,215.7
Delhi,403.0,122.0,8.9,11.0,1.2,9.3,9.3,27.5,37.0,986.2,0.0,161.0,23.0,0.0,214.9
Delhi,404.0,158.0,12.9,13.5,0.9,13.2,12.6,29.7,37.8,987.3,0.0,181.0,28.6,0.0,168.2
Delhi,405.0,156.0,12.5,14.5,0.9,15.2,5.4,30.2,36.7,986.1,0.0,181.0,29.5,0.0,165.9
Delhi,406.0,183.0,10.3,13.0,1.1,11.1,8.1,30.6,35.9,985.7,0.0,171.0,22.7,0.0,152.9
Delhi,407.0,192.0,8.9,18.5,1.7,11.8,12.3,29.4,51.2,984.8,11.8,196.0,17.9,0.5,129.7
Delhi,408.0,167.0,7.4,15.5,1.2,8.9,10.9,27.5,47.9,985.2,0.0,160.0,20.0,0.0,135.6
Delhi,409.0,127.0,10.7,15.0,1.0,10.3,9.7,28.5,45.0,984.7,0.0,160.0,21.9,0.0,121.1
Delhi,410.0,140.0,8.9,15.0,1.1,12.1,10.4,31.2,34.0,986.1,0.0,164.0,24.2,0.0,201.2
Delhi,411.0,122.0,10.0,13.0,1.1,9.1,9.9,31.0,31.1,985.8,0.0,155.0,20.7,0.0,193.6
Delhi,412.0,129.0,9.3,13.0,1.6,7.8,15.0,30.0,35.9,986.5,9.2,151.0,15.3,0.0,178.2
Delhi,413.0,115.0,9.4,13.0,1.7,7.8,13.0,30.7,33.0,986.6,0.0,137.0,17.6,0.0,196.0
Delhi,0.0,0.0,0.0,0.0,0.0,0.0,0.0,0.0,0.0,0.0,0.0,0.0,0.0,0.0,0.0
Delhi,415.0,112.0,9.0,12.0,1.4,7.8,12.0,31.5,30.7,984.9,0.0,124.0,15.7,0.0,236.0
Delhi,416.0,86.0,5.9,15.0,2.5,7.1,16.0,25.7,51.5,988.0,10.2,102.0,13.5,0.5,162.3
Delhi,417.0,53.0,4.8,15.0,2.1,6.4,15.7,22.6,60.7,989.2,9.0,68.0,11.5,0.5,151.2
Delhi,418.0,64.0,6.9,15.0,1.2,7.3,14.4,26.2,47.5,989.8,0.0,95.0,13.4,0.0,164.8
Delhi,419.0,99.0,8.4,14.0,1.2,9.0,10.2,27.2,40.6,987.1,0.0,154.0,18.5,0.0,229.5
Delhi,420.0,116.0,9.4,12.5,0.8,9.5,9.4,28.8,37.2,984.8,0.0,161.0,22.3,0.0,218.7
Delhi,421.0,123.0,9.4,12.5,1.0,12.5,9.4,30.8,32.5,983.1,0.0,163.0,26.0,0.0,215.6
Delhi,422.0,152.0,11.6,13.0,0.8,14.1,10.3,31.3,33.0,983.0,9.2,173.0,26.0,0.0,175.7
Delhi,423.0,163.0,10.6,14.0,1.0,12.9,10.6,33.0,32.6,983.7,0.0,171.0,26.4,0.0,179.2
Delhi,424.0,155.0,9.1,17.5,1.4,10.0,18.0,33.0,38.3,985.2,9.2,166.0,20.8,0.0,132.8
Delhi,425.0,164.0,8.5,19.0,1.4,9.8,20.7,31.9,39.0,985.0,0.0,166.0,16.6,0.0,127.4
Delhi,426.0,143.0,10.1,12.0,1.2,10.2,8.9,32.8,25.4,984.5,0.0,160.0,21.9,0.0,213.0
Delhi,427.0,178.0,8.6,9.0,2.1,7.6,14.3,33.5,20.3,983.9,11.3,157.0,16.5,0.0,254.6
Delhi,428.0,167.0,8.9,8.0,1.9,7.3,15.9,33.0,18.2,982.5,10.2,157.0,16.6,0.0,255.9
Delhi,429.0,154.0,9.8,7.0,1.2,8.5,11.9,32.6,19.0,982.0,0.0,160.0,21.9,0.0,220.4
Delhi,430.0,178.0,14.0,8.0,1.2,11.6,8.4,32.0,22.5,981.9,0.0,174.0,30.8,0.0,154.3
Chandigarh,401.0,0.0,3.0,10.9,1.4,4.5,27.8,26.2,47.5,0.0,0.0,109.0,9.4,0.0,0.0
Chandigarh,402.0,0.0,3.5,12.6,2.0,4.5,25.0,26.1,45.9,0.0,0.0,126.0,9.4,0.0,0.0
Chandigarh,403.0,0.0,3.3,12.7,1.8,4.1,28.4,27.0,48.4,0.0,0.0,136.0,9.2,0.0,0.0
Chandigarh,404.0,0.0,2.9,14.4,1.8,4.7,33.0,28.7,47.7,0.0,0.0,147.0,9.4,0.0,0.0
Chandigarh,405.0,0.0,3.3,17.6,1.8,4.8,27.6,28.5,56.1,0.0,0.0,143.0,9.3,0.0,0.0
Chandigarh,406.0,0.0,3.5,18.6,1.8,4.1,30.5,30.3,51.3,0.0,0.0,162.0,9.3,0.0,0.0
Chandigarh,407.0,0.0,3.1,16.9,1.6,4.5,26.0,28.8,46.1,0.0,0.0,154.0,9.3,0.0,0.0
Chandigarh,408.0,0.0,2.9,17.9,1.5,4.6,19.8,25.5,69.9,0.0,0.0,151.0,9.0,0.0,0.0
Chandigarh,409.0,0.0,3.0,16.6,1.6,4.4,18.9,27.4,55.5,0.0,0.0,118.0,9.5,0.0,0.0
Chandigarh,410.0,0.0,2.9,17.0,1.5,5.5,26.9,30.3,43.3,0.0,0.0,129.0,9.7,0.0,0.0
Chandigarh,411.0,0.0,3.2,15.4,1.4,5.4,17.4,28.7,44.3,0.0,0.0,108.0,9.8,0.0,0.0
Chandigarh,412.0,0.0,3.7,15.5,1.5,3.9,15.5,27.7,47.3,0.0,0.0,114.0,9.7,0.0,0.0
Chandigarh,413.0,0.0,3.1,15.3,1.2,3.6,19.5,27.9,45.4,0.0,0.0,103.0,9.3,0.0,0.0
Chandigarh,0.0,0.0,0.0,0.0,0.0,0.0,0.0,0.0,0.0,0.0,0.0,0.0,0.0,0.0,0.0
Chandigarh,415.0,0.0,14.2,14.5,1.7,4.1,2.3,29.4,40.3,0.0,0.0,103.0,5.3,0.0,0.0
Chandigarh,416.0,0.0,3.5,14.4,2.1,4.3,20.7,26.2,48.8,0.0,0.0,89.0,5.6,0.0,0.0
Chandigarh,417.0,0.0,2.9,17.0,2.1,4.4,18.2,21.8,88.0,0.0,0.0,90.0,5.1,0.0,0.0
Chandigarh,418.0,0.0,3.2,13.8,1.8,2.0,23.1,24.4,51.0,0.0,0.0,52.0,5.3,0.0,0.0
Chandigarh,419.0,0.0,3.7,14.2,1.6,3.4,23.4,26.8,49.3,0.0,0.0,55.0,5.3,0.0,0.0
Chandigarh,420.0,0.0,3.6,14.4,1.5,3.3,21.4,27.5,50.9,0.0,0.0,88.0,5.2,0.0,0.0
Chandigarh,421.0,0.0,3.5,15.4,1.8,3.6,27.0,28.9,41.3,0.0,0.0,82.0,4.9,0.0,0.0
Chandigarh,422.0,0.0,3.8,17.0,1.5,5.0,21.8,29.3,45.4,0.0,0.0,76.0,5.5,0.0,0.0
Chandigarh,423.0,0.0,4.2,17.1,1.7,5.0,19.3,30.7,44.9,0.0,0.0,114.0,5.5,0.0,0.0
Chandigarh,424.0,0.0,3.1,18.7,1.8,4.1,23.3,30.7,41.2,0.0,0.0,129.0,5.3,0.0,0.0
Chandigarh,425.0,0.0,2.7,16.6,1.2,3.6,10.0,30.5,40.7,0.0,0.0,103.0,4.7,0.0,0.0
Chandigarh,426.0,0.0,3.1,17.5,1.2,5.4,12.4,31.5,35.6,0.0,0.0,98.0,8.1,0.0,0.0
Chandigarh,427.0,0.0,3.0,15.1,1.0,3.6,11.9,30.7,31.3,0.0,0.0,97.0,8.6,0.0,0.0
Chandigarh,428.0,0.0,3.0,9.6,0.7,5.3,9.8,30.7,29.2,0.0,0.0,109.0,8.6,0.0,0.0
Chandigarh,429.0,0.0,3.4,8.8,1.2,4.9,8.9,30.2,24.6,0.0,0.0,101.0,8.9,0.0,0.0
Chandigarh,430.0,0.0,3.7,11.7,1.8,4.9,35.6,33.3,23.8,0.0,0.0,112.0,9.1,0.0,0.0
Bhopal,401.0,95.0,8.9,7.0,0.4,5.7,15.9,29.5,26.2,1012.5,0.0,99.0,14.4,0.0,0.0
Bhopal,402.0,113.0,10.5,6.0,0.4,9.1,16.7,29.6,21.2,1012.0,0.0,151.0,25.4,0.0,0.0
Bhopal,403.0,151.0,10.8,4.0,0.3,12.0,7.8,30.2,18.7,1012.0,0.0,159.0,31.6,0.0,0.0
Bhopal,404.0,156.0,7.6,6.5,0.4,11.8,7.2,30.1,20.2,1010.0,0.0,160.0,39.7,0.0,0.0
Bhopal,405.0,122.0,7.1,7.0,1.2,6.1,16.6,30.4,16.7,1010.5,0.0,132.0,17.1,0.0,0.0
Bhopal,406.0,102.0,7.8,8.0,0.9,4.7,14.5,30.1,22.2,1010.0,0.0,111.0,20.1,0.0,0.0
Bhopal,407.0,88.0,9.2,10.0,0.8,5.7,15.9,29.2,24.2,1008.0,0.0,127.0,10.9,0.0,0.0
Bhopal,408.0,113.0,8.0,10.0,0.6,3.4,11.3,29.6,23.2,1009.0,0.0,87.0,15.0,0.0,0.0
Bhopal,409.0,106.0,8.2,6.0,0.7,5.2,10.0,29.6,18.0,1008.0,0.0,111.0,22.0,0.0,0.0
Bhopal,410.0,92.0,9.9,8.0,1.0,4.8,17.0,29.6,20.7,1011.0,0.0,122.0,12.8,0.0,0.0
Bhopal,411.0,113.0,9.4,10.0,0.7,5.8,12.7,29.6,22.7,1010.0,0.0,140.0,18.0,0.0,0.0
Bhopal,412.0,109.0,8.7,7.0,0.6,7.7,13.2,29.7,19.5,1010.0,0.0,137.0,16.4,0.0,0.0
Bhopal,413.0,117.0,8.7,8.5,0.6,6.2,10.3,29.6,16.5,1010.5,0.0,130.0,19.0,0.0,0.0
Bhopal,0.0,0.0,0.0,0.0,0.0,0.0,0.0,0.0,0.0,0.0,0.0,0.0,0.0,0.0,0.0
Bhopal,415.0,102.0,5.7,9.5,1.1,5.9,15.8,29.6,26.2,1012.0,0.0,107.0,13.9,0.0,0.0
Bhopal,416.0,78.0,15.7,14.0,1.2,5.8,16.4,29.5,46.0,1012.5,0.0,119.0,14.3,0.0,0.0
Bhopal,417.0,66.0,7.3,18.0,1.1,4.7,15.0,29.7,46.5,1011.5,0.0,98.0,10.0,0.0,0.0
Bhopal,418.0,82.0,5.5,13.0,0.5,4.2,15.9,29.8,34.5,1013.0,0.0,98.0,18.0,0.0,0.0
Bhopal,419.0,86.0,5.8,11.0,0.9,4.2,15.8,29.6,29.7,1011.0,0.0,107.0,13.3,0.0,0.0
Bhopal,420.0,78.0,7.3,9.2,0.7,4.7,16.4,29.8,24.7,1009.0,0.0,99.0,12.6,0.0,0.0
Bhopal,421.0,92.0,9.1,8.0,0.5,5.7,12.8,29.3,22.2,1007.0,0.0,107.0,14.6,0.0,0.0
Bhopal,422.0,127.0,8.2,9.0,0.5,11.6,9.3,29.4,22.0,1009.5,0.0,160.0,28.1,0.0,0.0
Bhopal,423.0,147.0,9.6,9.0,0.7,9.5,8.4,29.4,19.7,1010.0,0.0,155.0,34.4,0.0,0.0
Bhopal,424.0,144.0,10.0,7.0,0.4,8.3,9.8,29.5,19.0,1010.0,0.0,163.0,22.2,0.0,0.0
Bhopal,425.0,122.0,7.5,10.0,0.7,8.3,11.2,29.5,18.2,1010.0,0.0,155.0,19.8,0.0,0.0
Bhopal,426.0,123.0,8.2,9.0,0.8,9.6,12.4,29.4,17.5,1009.5,0.0,142.0,19.9,0.0,0.0
Bhopal,427.0,117.0,9.8,10.0,0.6,6.4,13.1,29.9,17.0,1009.0,0.0,156.0,21.6,0.0,0.0
Bhopal,428.0,125.0,15.8,9.0,0.5,7.6,10.3,30.3,14.5,1008.0,0.0,155.0,26.3,0.0,0.0
Bhopal,429.0,164.0,15.5,6.4,0.5,15.4,6.5,30.9,15.2,1006.5,0.0,186.0,31.4,0.0,0.0
Bhopal,430.0,126.0,7.3,7.0,1.0,4.9,10.1,30.2,14.5,1006.0,0.0,88.0,18.8,0.0,0.0
Lucknow,401.0,0.0,5.2,10.0,0.8,10.7,16.5,31.5,33.6,1008.0,0.0,151.0,15.7,0.0,0.0
Lucknow,402.0,0.0,4.8,10.0,0.4,12.9,13.0,31.0,37.0,1008.5,0.0,179.0,19.5,0.0,0.0
Lucknow,403.0,0.0,5.8,11.0,0.4,13.6,15.9,31.3,34.0,1008.5,0.0,189.0,13.7,0.0,0.0
Lucknow,404.0,0.0,3.4,12.5,0.4,15.0,11.8,31.0,43.2,1008.5,0.0,208.0,17.8,0.0,0.0
Lucknow,405.0,0.0,2.4,17.5,0.4,14.6,14.2,31.2,48.2,1008.0,0.0,178.0,16.3,0.0,0.0
Lucknow,406.0,0.0,1.8,20.0,0.4,12.2,12.0,31.5,54.7,1008.0,9.2,163.0,12.2,0.0,0.0
Lucknow,407.0,0.0,2.3,17.0,0.7,10.9,12.6,28.0,55.3,1007.0,0.0,120.0,9.1,0.0,0.0
Lucknow,408.0,0.0,2.5,17.0,0.4,12.6,13.6,29.5,52.8,1007.0,0.0,137.0,13.1,0.0,0.0
Lucknow,409.0,0.0,2.5,16.5,0.4,11.6,20.1,33.7,41.2,1006.0,0.0,160.0,23.7,0.0,0.0
Lucknow,410.0,0.0,2.0,17.0,0.4,11.6,19.5,31.5,44.8,1008.0,0.0,165.0,20.3,0.0,0.0
Lucknow,411.0,0.0,1.8,17.0,0.4,9.4,16.5,33.4,48.3,1007.0,0.0,171.0,16.3,0.0,0.0
Lucknow,412.0,0.0,4.6,18.0,0.4,13.1,12.2,33.6,44.5,1007.0,0.0,188.0,13.1,0.0,0.0
Lucknow,413.0,0.0,2.0,12.5,0.4,9.7,14.8,33.2,29.6,1007.0,0.0,167.0,12.0,0.0,0.0
Lucknow,0.0,0.0,0.0,0.0,0.0,0.0,0.0,0.0,0.0,0.0,0.0,0.0,0.0,0.0,0.0
Lucknow,415.0,0.0,3.2,11.5,0.4,9.1,16.0,34.2,29.6,1006.0,0.0,161.0,7.5,0.0,0.0
Lucknow,416.0,0.0,3.1,14.0,0.9,8.5,12.1,29.5,40.4,1009.0,12.8,154.0,6.6,0.0,0.0
Lucknow,417.0,0.0,2.2,17.0,0.4,9.7,10.6,24.5,61.0,1012.5,0.0,111.0,9.0,0.0,0.0
Lucknow,418.0,0.0,2.1,15.0,0.4,9.1,15.8,28.5,49.6,1011.0,0.0,123.0,6.9,0.0,0.0
Lucknow,419.0,0.0,3.4,15.0,0.5,9.1,17.1,29.9,41.2,1008.5,0.0,135.0,8.5,0.0,0.0
Lucknow,420.0,0.0,2.9,13.0,0.4,9.4,18.8,31.2,37.4,1006.5,0.0,161.0,8.9,0.0,0.0
Lucknow,421.0,0.0,3.8,13.5,0.4,10.0,18.9,31.5,34.8,1005.0,0.0,175.0,9.6,0.0,0.0
Lucknow,422.0,0.0,5.3,15.5,0.4,10.7,13.6,31.8,38.0,1004.5,0.0,188.0,18.6,0.0,0.0
Lucknow,423.0,0.0,5.2,18.0,0.5,9.6,16.8,31.6,45.3,1006.5,0.0,178.0,11.2,0.0,0.0
Lucknow,424.0,0.0,2.5,19.0,0.4,9.3,18.8,31.5,44.7,1008.0,0.0,166.0,11.7,0.0,0.0
Lucknow,425.0,0.0,5.3,19.0,0.4,10.4,18.1,31.1,45.8,1006.0,0.0,186.0,15.2,0.0,0.0
Lucknow,426.0,0.0,5.6,15.0,0.4,10.1,13.7,34.0,32.0,1005.0,0.0,183.0,13.5,0.0,0.0
Lucknow,427.0,0.0,4.3,7.5,0.8,8.3,14.7,33.6,25.0,1004.0,0.0,167.0,6.9,0.0,0.0
Lucknow,428.0,0.0,3.4,8.0,0.8,8.8,15.5,33.4,20.0,1003.0,12.3,180.0,5.5,0.0,0.0
Lucknow,429.0,0.0,3.8,7.5,0.4,10.4,15.4,33.3,20.2,1003.0,0.0,190.0,9.2,0.0,0.0
Lucknow,430.0,0.0,4.7,13.0,0.4,14.1,14.8,34.2,29.0,1001.0,0.0,207.0,27.8,0.0,0.0
Ghāziābād,401.0,108.0,12.4,10.0,4.3,5.4,30.7,27.8,36.0,1009.0,8.2,107.0,13.5,0.0,0.0
Ghāziābād,402.0,128.0,26.9,10.5,1.5,9.3,14.1,28.2,38.0,1010.0,0.0,171.0,25.7,0.0,0.0
Ghāziābād,403.0,151.0,15.1,11.0,1.1,12.0,8.8,26.9,38.5,1009.0,0.0,175.0,37.5,0.0,0.0
Ghāziābād,404.0,181.0,20.6,14.0,0.8,13.6,21.9,27.0,39.0,1010.0,0.0,197.0,38.6,0.0,0.0
Ghāziābād,405.0,218.0,22.0,14.5,0.9,16.5,1.9,27.8,39.2,1008.5,0.0,203.0,39.7,0.0,0.0
Ghāziābād,406.0,191.0,19.2,13.0,1.5,9.8,13.2,28.0,40.2,1007.5,0.0,165.0,21.2,0.0,0.0
Ghāziābād,407.0,176.0,14.1,19.0,2.8,13.3,16.7,26.8,49.2,1006.5,11.8,189.0,12.2,0.0,0.0
Ghāziābād,408.0,179.0,11.9,16.0,1.7,7.6,16.4,28.3,47.0,1008.0,0.0,159.0,16.8,0.0,0.0
Ghāziābād,409.0,124.0,15.5,15.5,0.9,8.9,11.4,27.9,41.2,1007.0,0.0,167.0,23.7,0.0,0.0
Ghāziābād,410.0,179.0,14.7,16.0,1.7,14.3,10.4,27.9,39.2,1008.5,0.0,184.0,39.2,0.0,0.0
Ghāziābād,411.0,131.0,18.2,14.0,0.9,10.1,11.2,26.8,37.5,1009.0,0.0,169.0,18.6,0.0,0.0
Ghāziābād,412.0,144.0,19.1,14.5,3.0,7.5,16.8,27.4,39.2,1009.0,9.2,156.0,16.4,0.0,0.0
Ghāziābād,413.0,131.0,16.1,13.0,3.1,9.6,15.3,27.4,36.5,1009.0,0.0,153.0,21.1,0.0,0.0
Ghāziābād,0.0,0.0,0.0,0.0,0.0,0.0,0.0,0.0,0.0,0.0,0.0,0.0,0.0,0.0,0.0
Ghāziābād,415.0,115.0,14.8,13.0,2.8,7.1,17.7,27.7,31.7,1008.0,0.0,128.0,14.1,0.0,0.0
Ghāziābād,416.0,80.0,10.0,15.5,3.7,7.7,19.9,28.0,45.5,1011.0,10.2,114.0,12.9,0.0,0.0
Ghāziābād,417.0,39.0,9.2,15.5,3.7,4.5,24.9,27.7,53.2,1011.5,9.0,71.0,5.2,0.0,0.0
Ghāziābād,418.0,62.0,10.0,15.0,2.1,5.7,20.5,28.3,43.7,1012.0,0.0,83.0,12.9,0.0,0.0
Ghāziābād,419.0,101.0,14.9,14.0,2.2,7.3,24.3,28.2,40.2,1010.0,0.0,154.0,18.4,0.0,0.0
Ghāziābād,420.0,109.0,12.7,13.0,0.9,9.6,7.3,28.1,39.2,1007.0,0.0,159.0,35.8,0.0,0.0
Ghāziābād,421.0,142.0,11.7,13.0,1.0,11.3,10.9,27.6,34.7,1006.0,0.0,164.0,37.1,0.0,0.0
Ghāziābād,422.0,179.0,16.9,14.0,1.1,10.3,6.0,27.6,35.2,1005.5,9.2,180.0,29.4,0.0,0.0
Ghāziābād,423.0,164.0,15.2,14.5,2.6,10.2,31.5,28.4,35.0,1006.5,0.0,169.0,28.0,0.0,0.0
Ghāziābād,424.0,150.0,14.5,17.5,3.1,8.7,35.2,27.6,38.7,1008.0,9.2,161.0,12.2,0.0,0.0
Ghāziābād,425.0,155.0,13.8,19.0,3.0,7.0,29.9,27.2,38.0,1008.0,0.0,162.0,11.2,0.0,0.0
Ghāziābād,426.0,145.0,16.8,13.0,2.6,8.8,21.0,26.8,30.2,1007.0,0.0,158.0,21.1,0.0,0.0
Ghāziābād,427.0,164.0,13.3,9.0,4.0,6.8,21.6,28.2,26.7,1007.0,11.3,151.0,13.8,0.0,0.0
Ghāziābād,428.0,157.0,18.0,9.0,4.0,8.0,28.8,27.8,26.5,1005.5,10.2,154.0,12.1,0.0,0.0
Ghāziābād,429.0,151.0,21.9,7.5,2.4,9.6,15.8,29.1,27.0,1004.5,0.0,155.0,25.0,0.0,0.0
Ghāziābād,430.0,198.0,16.7,8.0,1.6,15.0,29.3,28.5,28.5,1002.0,0.0,170.0,25.3,0.0,0.0
Hāpur,401.0,105.0,16.2,10.0,3.0,4.7,20.8,31.0,41.2,1009.0,8.2,134.0,14.1,0.0,0.0
Hāpur,402.0,131.0,20.4,10.5,0.3,6.8,15.8,30.5,42.2,1010.0,0.0,169.0,19.8,0.0,0.0
Hāpur,403.0,135.0,17.0,11.0,0.5,7.3,7.1,28.9,40.0,1009.0,0.0,170.0,15.3,0.0,0.0
Hāpur,404.0,159.0,17.9,14.0,0.3,9.3,27.0,29.4,40.7,1010.0,0.0,179.0,13.9,0.0,0.0
Hāpur,405.0,156.0,17.2,14.5,0.3,11.2,9.4,28.9,42.2,1008.5,0.0,183.0,29.0,0.0,0.0
Hāpur,406.0,176.0,16.8,13.0,0.4,9.6,15.5,29.0,43.7,1007.5,0.0,180.0,12.3,0.0,0.0
Hāpur,407.0,131.0,7.4,19.0,1.6,8.1,13.4,28.0,51.5,1006.5,11.8,164.0,5.7,0.0,0.0
Hāpur,408.0,137.0,8.0,16.0,0.4,6.7,22.7,28.2,44.5,1008.0,0.0,154.0,6.6,0.0,0.0
Hāpur,409.0,103.0,10.7,15.5,0.3,9.4,18.7,28.4,43.2,1007.0,0.0,151.0,8.5,0.0,0.0
Hāpur,410.0,146.0,12.7,16.0,0.3,13.7,9.0,30.8,40.0,1008.5,0.0,165.0,26.8,0.0,0.0
Hāpur,411.0,149.0,14.3,14.0,0.3,10.0,15.3,30.9,38.2,1009.0,0.0,160.0,12.2,0.0,0.0
Hāpur,412.0,144.0,14.4,14.5,1.1,7.6,18.1,29.7,41.5,1009.0,9.2,151.0,10.6,0.0,0.0
Hāpur,413.0,128.0,16.3,13.0,2.3,8.2,15.6,29.5,40.5,1009.0,0.0,144.0,12.2,0.0,0.0
Hāpur,0.0,0.0,0.0,0.0,0.0,0.0,0.0,0.0,0.0,0.0,0.0,0.0,0.0,0.0,0.0
Hāpur,415.0,120.0,10.2,13.0,1.0,6.0,13.9,30.1,34.5,1008.0,0.0,122.0,7.8,0.0,0.0
Hāpur,416.0,81.0,7.9,15.5,2.2,5.0,20.2,28.4,47.5,1011.0,10.2,95.0,5.2,0.0,0.0
Hāpur,417.0,51.0,4.3,15.5,2.6,3.8,20.8,28.0,55.5,1011.5,9.0,69.0,3.2,0.0,0.0
Hāpur,418.0,41.0,6.3,15.0,0.3,4.3,19.9,28.2,46.2,1012.0,0.0,69.0,3.2,0.0,0.0
Hāpur,419.0,109.0,11.2,15.0,0.4,10.6,20.5,28.2,40.5,1010.0,0.0,151.0,15.3,0.0,0.0
Hāpur,420.0,115.0,18.8,13.0,0.3,10.2,16.4,29.3,39.2,1007.0,0.0,168.0,24.1,0.0,0.0
Hāpur,421.0,139.0,10.4,13.5,0.4,11.3,16.2,30.1,34.7,1006.0,0.0,164.0,25.3,0.0,0.0
Hāpur,422.0,138.0,10.5,16.0,0.3,8.9,22.4,30.4,35.5,1005.5,9.2,153.0,9.4,0.0,0.0
Hāpur,423.0,171.0,13.0,16.0,0.3,11.5,27.0,31.0,37.0,1006.5,0.0,163.0,10.2,0.0,0.0
Hāpur,424.0,163.0,6.0,17.5,0.3,8.9,24.2,30.8,45.0,1008.0,9.2,154.0,8.3,0.0,0.0
Hāpur,425.0,157.0,5.9,19.0,0.3,7.0,26.6,31.0,39.7,1008.0,0.0,150.0,5.6,0.0,0.0
Hāpur,426.0,132.0,8.7,13.0,0.3,7.0,5.7,30.9,40.0,1007.0,0.0,110.0,16.0,0.0,0.0
Hāpur,427.0,226.0,11.3,9.0,2.4,5.8,18.0,31.4,27.7,1007.0,11.3,148.0,12.5,0.0,0.0
Hāpur,428.0,191.0,14.1,9.0,2.4,5.9,12.8,30.7,28.2,1005.5,10.2,152.0,12.7,0.0,0.0
Hāpur,429.0,196.0,10.5,7.5,0.8,6.3,18.1,31.9,26.7,1004.5,0.0,153.0,14.7,0.0,0.0
Hāpur,430.0,193.0,11.8,8.0,0.6,9.4,29.5,31.4,30.2,1002.0,0.0,159.0,10.5,0.0,0.0
Gandhinagar,401.0,0.0,7.4,12.5,0.8,4.5,5.9,31.0,26.5,1009.0,0.0,165.0,28.9,0.0,0.0
Gandhinagar,402.0,0.0,4.8,10.5,0.7,4.2,4.4,35.0,29.2,1009.0,0.0,187.0,38.9,0.0,0.0
Gandhinagar,403.0,0.0,6.5,9.5,1.1,4.3,5.9,32.5,29.7,1008.0,0.0,166.0,33.5,0.0,0.0
Gandhinagar,404.0,0.0,6.0,10.0,1.3,4.3,3.8,37.5,30.0,1008.5,0.0,161.0,29.9,0.0,0.0
Gandhinagar,405.0,0.0,5.4,13.0,1.3,4.1,4.1,32.0,27.0,1009.5,0.0,167.0,32.2,0.0,0.0
Gandhinagar,406.0,0.0,4.3,12.5,1.3,4.8,5.0,31.5,24.9,1010.0,0.0,164.0,33.2,0.0,0.0
Gandhinagar,407.0,0.0,7.1,16.5,1.2,4.7,3.2,31.5,24.7,1007.0,0.0,171.0,25.4,0.0,0.0
Gandhinagar,408.0,0.0,3.9,13.5,1.2,4.5,3.6,33.5,27.1,1006.5,0.0,164.0,26.8,0.0,0.0
Gandhinagar,409.0,0.0,4.8,12.0,1.3,4.8,12.5,37.0,26.8,1007.0,7.2,158.0,23.0,0.0,0.0
Gandhinagar,410.0,0.0,2.7,14.0,1.3,5.7,3.3,33.0,29.6,1009.0,0.0,151.0,15.5,0.0,0.0
Gandhinagar,411.0,0.0,2.6,12.5,1.2,4.7,2.6,33.0,31.0,1008.0,0.0,154.0,16.3,0.0,0.0
Gandhinagar,412.0,0.0,2.6,10.5,1.3,4.2,3.6,34.5,30.8,1007.5,0.0,154.0,20.7,0.0,0.0
Gandhinagar,413.0,0.0,2.1,12.0,1.3,5.3,5.7,34.0,30.9,1008.0,0.0,153.0,21.7,0.0,0.0
Gandhinagar,0.0,0.0,0.0,0.0,0.0,0.0,0.0,0.0,0.0,0.0,0.0,0.0,0.0,0.0,0.0
Gandhinagar,415.0,0.0,14.5,13.0,1.8,5.1,14.8,33.0,29.6,1008.0,0.0,262.0,27.4,0.0,0.0
Gandhinagar,416.0,0.0,20.0,15.0,1.9,6.4,20.5,27.5,24.1,1008.0,9.2,241.0,21.8,0.0,0.0
Gandhinagar,417.0,0.0,39.5,13.5,1.7,15.7,26.5,28.5,22.1,1010.0,0.0,160.0,21.6,0.0,0.0
Gandhinagar,418.0,0.0,14.0,12.0,1.7,6.9,23.4,30.0,26.4,1010.0,0.0,173.0,28.6,0.0,0.0
Gandhinagar,419.0,0.0,28.6,8.5,1.6,7.2,20.8,31.0,28.0,1009.0,0.0,125.0,41.2,0.0,0.0
Gandhinagar,420.0,0.0,45.0,9.0,1.1,8.2,17.4,32.5,30.0,1006.0,0.0,172.0,49.7,0.0,0.0
Gandhinagar,421.0,0.0,22.4,10.5,1.5,6.4,18.6,34.5,29.0,1006.0,0.0,135.0,20.9,0.0,0.0
Gandhinagar,422.0,0.0,37.9,9.0,1.1,6.6,13.7,32.0,29.2,1006.5,0.0,157.0,34.3,0.0,0.0
Gandhinagar,423.0,0.0,34.7,11.5,1.2,7.7,13.3,32.5,29.8,1007.5,0.0,153.0,20.2,0.0,0.0
Gandhinagar,424.0,0.0,25.1,15.0,2.5,8.0,14.0,31.0,26.4,1009.0,0.0,143.0,16.3,0.0,0.0
Gandhinagar,425.0,0.0,0.0,10.5,0.0,0.0,0.0,39.5,0.0,1007.5,0.0,0.0,0.0,0.0,0.0
Gandhinagar,426.0,0.0,0.0,16.5,0.0,0.0,0.0,35.0,0.0,1007.0,0.0,0.0,0.0,0.0,0.0
Gandhinagar,427.0,0.0,0.0,6.0,0.0,0.0,0.0,42.0,0.0,1006.5,0.0,0.0,0.0,0.0,0.0
Gandhinagar,428.0,0.0,17.2,6.5,12.9,6.2,12.4,35.0,0.0,1006.0,0.0,163.0,20.3,0.0,0.0
Gandhinagar,429.0,0.0,18.2,9.0,4.2,7.1,20.1,36.0,0.0,1005.0,0.0,179.0,20.3,0.0,0.0
Gandhinagar,430.0,0.0,13.3,14.0,5.0,9.8,37.1,36.5,29.9,1004.0,8.2,178.0,26.9,0.0,0.0
Chennai,401.0,0.0,2.9,25.0,1.0,8.2,7.0,29.5,72.0,1010.0,0.0,89.0,4.7,0.0,0.0
Chennai,402.0,0.0,2.6,25.0,1.1,8.5,7.1,29.5,59.0,1010.0,9.2,97.0,4.7,0.0,0.0
Chennai,403.0,0.0,3.1,24.0,1.0,7.7,5.9,29.5,56.9,1010.0,9.2,70.0,5.2,0.0,0.0
Chennai,404.0,0.0,3.0,24.0,0.9,8.2,5.7,30.0,56.7,1011.5,0.0,57.0,5.6,0.0,0.0
Chennai,405.0,0.0,3.0,25.5,0.9,8.3,5.4,30.0,62.5,1011.5,0.0,60.0,4.7,0.0,0.0
Chennai,406.0,0.0,3.1,25.0,0.9,9.1,5.5,30.0,55.4,1011.0,0.0,55.0,5.7,0.0,0.0
Chennai,407.0,0.0,2.6,25.0,1.1,8.0,5.6,30.0,52.0,1010.0,9.2,48.0,4.8,0.0,0.0
Chennai,408.0,0.0,3.3,26.0,1.0,7.9,5.6,30.1,56.0,1009.0,9.2,64.0,4.9,0.0,0.0
Chennai,409.0,0.0,2.9,26.0,1.1,8.3,5.8,30.1,57.7,1009.5,0.0,63.0,8.6,0.0,0.0
Chennai,410.0,0.0,2.9,26.5,0.9,8.9,5.5,30.1,63.7,1010.0,10.2,66.0,8.7,0.0,0.0
Chennai,411.0,0.0,3.2,26.0,0.9,8.6,6.0,30.1,62.0,1010.0,9.2,81.0,8.2,0.0,0.0
Chennai,412.0,0.0,2.7,26.0,1.1,7.9,5.7,30.0,64.5,1009.0,0.0,74.0,7.8,0.0,0.0
Chennai,413.0,0.0,2.5,25.0,0.9,8.5,6.1,30.2,61.9,1009.0,0.0,72.0,8.0,0.0,0.0
Chennai,0.0,0.0,0.0,0.0,0.0,0.0,0.0,0.0,0.0,0.0,0.0,0.0,0.0,0.0,0.0
Chennai,415.0,0.0,4.2,25.0,1.5,8.2,5.8,30.0,58.5,1009.5,9.2,64.0,4.1,0.0,0.0
Chennai,416.0,0.0,3.3,25.0,1.4,9.1,5.7,30.5,59.0,1009.0,10.2,65.0,3.9,0.0,0.0
Chennai,417.0,0.0,4.1,24.0,1.6,7.8,5.7,32.0,52.8,1009.5,9.7,66.0,4.2,0.0,0.0
Chennai,418.0,0.0,4.6,27.0,1.5,8.6,5.6,31.0,70.7,1009.5,11.3,47.0,3.7,0.0,0.0
Chennai,419.0,0.0,4.3,26.0,1.6,8.4,5.6,31.5,69.9,1008.5,9.2,52.0,3.6,0.0,0.0
Chennai,420.0,0.0,3.0,26.0,1.2,9.0,6.2,31.3,66.2,1008.0,10.2,43.0,3.3,0.0,0.0
Chennai,421.0,0.0,3.7,25.5,1.4,8.1,4.7,31.5,64.0,1006.5,11.3,44.0,3.1,0.0,0.0
Chennai,422.0,0.0,2.5,26.0,0.9,8.7,2.9,31.4,70.0,1006.5,8.7,58.0,3.0,0.0,0.0
Chennai,423.0,0.0,3.3,25.0,0.9,7.6,3.0,30.7,64.8,1008.5,10.2,70.0,3.3,0.0,0.0
Chennai,424.0,0.0,3.1,25.0,0.9,8.2,2.6,31.1,66.3,1009.0,4.0,80.0,3.3,0.0,0.0
Chennai,425.0,0.0,2.8,25.0,1.0,8.2,2.5,31.0,64.2,1009.0,10.0,80.0,3.4,0.0,0.0
Chennai,426.0,0.0,2.7,25.5,1.3,7.9,4.5,31.0,68.2,1008.0,10.2,86.0,3.4,0.0,0.0
Chennai,427.0,0.0,3.3,26.0,1.3,8.8,5.2,31.0,70.3,1007.0,9.2,65.0,3.4,0.0,0.0
Chennai,428.0,0.0,2.6,26.0,1.2,8.4,6.4,31.0,71.5,1007.5,4.0,59.0,3.4,0.0,0.0
Chennai,429.0,0.0,3.0,27.0,1.1,7.9,6.4,31.9,73.4,1007.0,0.0,61.0,3.5,0.0,0.0
Chennai,430.0,0.0,2.8,26.5,0.9,8.5,6.5,32.0,70.0,1005.0,0.0,95.0,3.7,0.0,0.0
Nashik,401.0,61.0,1.6,8.8,2.1,4.1,27.6,24.2,46.9,0.0,0.0,130.0,4.8,0.0,0.0
Nashik,402.0,70.0,1.4,14.6,1.8,4.5,36.2,26.0,45.3,0.0,0.0,99.0,5.7,0.0,0.0
Nashik,403.0,64.0,1.6,16.6,1.9,4.6,33.4,26.2,42.2,0.0,0.0,100.0,6.5,0.0,0.0
Nashik,404.0,66.0,1.4,15.4,1.9,4.9,29.1,26.2,39.7,0.0,0.0,108.0,6.7,0.0,0.0
Nashik,405.0,68.0,1.7,13.2,2.4,4.1,23.9,26.8,42.5,0.0,0.0,122.0,4.4,0.0,0.0
Nashik,406.0,52.0,1.6,8.6,2.7,3.3,21.6,25.8,29.1,0.0,0.0,83.0,2.0,0.0,0.0
Nashik,407.0,55.0,1.5,9.6,3.0,3.0,19.1,25.6,25.4,0.0,0.0,75.0,1.9,0.0,0.0
Nashik,408.0,59.0,1.9,7.3,2.4,3.7,18.8,25.6,20.6,0.0,0.0,93.0,2.6,0.0,0.0
Nashik,409.0,59.0,1.3,5.9,2.8,3.7,18.0,26.4,20.6,0.0,0.0,83.0,0.0,0.0,0.0
Nashik,410.0,55.0,1.6,9.2,2.8,4.1,26.8,26.2,32.9,0.0,0.0,109.0,0.0,0.0,0.0
Nashik,411.0,55.0,2.0,12.0,2.3,4.5,28.7,26.2,34.6,0.0,0.0,150.0,0.0,0.0,0.0
Nashik,412.0,60.0,1.9,12.9,2.4,4.8,32.7,27.6,44.9,0.0,0.0,110.0,17.1,0.0,0.0
Nashik,413.0,62.0,2.6,10.1,2.2,4.6,31.0,30.2,30.6,0.0,0.0,111.0,14.5,0.0,0.0
Nashik,0.0,0.0,0.0,0.0,0.0,0.0,0.0,0.0,0.0,0.0,0.0,0.0,0.0,0.0,0.0
Nashik,415.0,57.0,2.5,16.5,2.5,6.0,45.0,26.8,42.5,0.0,0.0,107.0,13.9,0.0,0.0
Nashik,416.0,63.0,2.7,16.8,1.7,5.9,30.8,25.4,46.2,0.0,0.0,119.0,11.2,0.0,0.0
Nashik,417.0,48.0,2.0,6.5,2.9,3.8,34.5,24.0,33.1,0.0,0.0,71.0,6.4,0.0,0.0
Nashik,418.0,45.0,2.1,9.5,1.8,4.0,30.2,24.8,38.7,0.0,0.0,65.0,5.8,0.0,0.0
Nashik,419.0,66.0,3.0,10.5,3.4,4.6,49.3,26.0,26.6,0.0,0.0,100.0,20.7,0.0,0.0
Nashik,420.0,55.0,2.4,7.4,2.1,4.6,35.4,25.6,28.6,0.0,0.0,99.0,15.4,0.0,0.0
Nashik,421.0,51.0,2.6,7.8,2.1,3.8,30.3,25.0,24.3,0.0,0.0,86.0,9.7,0.0,0.0
Nashik,422.0,52.0,2.4,8.4,2.0,4.3,31.2,26.4,26.6,0.0,0.0,107.0,10.1,0.0,0.0
Nashik,423.0,52.0,2.9,9.5,2.0,3.9,28.8,27.4,25.2,0.0,0.0,103.0,11.3,0.0,0.0
Nashik,424.0,52.0,3.3,11.4,2.5,3.6,26.9,29.0,26.3,0.0,0.0,93.0,10.7,0.0,0.0
Nashik,425.0,60.0,3.4,11.6,2.5,3.4,48.3,31.2,24.4,0.0,0.0,94.0,11.4,0.0,0.0
Nashik,426.0,56.0,4.0,11.5,2.7,3.3,38.6,34.0,26.1,0.0,0.0,108.0,10.1,0.0,0.0
Nashik,427.0,66.0,3.6,8.5,2.8,2.6,15.0,35.0,18.2,0.0,0.0,93.0,6.0,0.0,0.0
Nashik,428.0,69.0,4.1,5.8,2.8,2.8,13.4,32.0,13.6,0.0,0.0,106.0,0.0,0.0,0.0
Nashik,429.0,73.0,4.3,9.6,2.9,4.6,13.4,28.4,21.3,0.0,0.0,134.0,0.0,0.0,0.0
Nashik,430.0,64.0,2.2,11.8,3.5,3.7,13.3,27.8,31.3,0.0,0.0,99.0,0.0,0.0,0.0
Visakhapatnam,401.0,88.0,4.6,24.5,3.2,7.5,6.2,28.5,75.6,1009.0,0.0,115.0,14.3,0.0,0.0
Visakhapatnam,402.0,67.0,6.4,24.0,3.3,5.9,2.9,28.5,74.2,1009.0,0.0,83.0,17.7,0.0,0.0
Visakhapatnam,403.0,61.0,5.2,24.0,2.9,6.5,2.2,29.0,73.0,1009.0,0.0,82.0,16.9,0.0,0.0
Visakhapatnam,404.0,72.0,7.5,24.0,3.6,6.6,1.4,28.7,74.3,1010.0,0.0,85.0,14.8,0.0,0.0
Visakhapatnam,405.0,58.0,8.3,24.0,3.4,6.2,0.8,29.0,77.0,1010.5,0.0,70.0,12.8,0.0,0.0
Visakhapatnam,406.0,71.0,4.5,23.0,3.4,4.7,3.1,28.5,66.2,1009.0,0.0,85.0,13.9,0.0,0.0
Visakhapatnam,407.0,62.0,4.0,21.5,3.3,5.1,7.4,28.3,65.5,1009.0,0.0,74.0,15.1,0.0,0.0
Visakhapatnam,408.0,58.0,2.2,24.5,3.6,6.1,1.6,28.2,74.5,1008.0,0.0,70.0,10.5,0.0,0.0
Visakhapatnam,409.0,62.0,3.0,25.0,3.2,6.6,1.2,27.9,74.0,1009.0,0.0,76.0,11.0,0.0,0.0
Visakhapatnam,410.0,66.0,1.4,25.0,3.4,6.0,2.8,26.8,74.5,1009.0,0.0,83.0,10.4,0.0,0.0
Visakhapatnam,411.0,0.0,0.0,24.0,0.0,0.0,0.0,0.0,0.0,1008.0,0.0,0.0,0.0,0.0,0.0
Visakhapatnam,412.0,56.0,3.1,25.0,3.4,8.1,1.9,28.9,66.7,1008.0,0.0,57.0,16.0,0.0,0.0
Visakhapatnam,413.0,62.0,2.3,21.0,2.2,5.9,8.5,28.0,57.2,1007.5,0.0,70.0,16.3,0.0,0.0
Visakhapatnam,0.0,0.0,0.0,0.0,0.0,0.0,0.0,0.0,0.0,0.0,0.0,0.0,0.0,0.0,0.0
Visakhapatnam,415.0,73.0,6.7,24.0,2.8,7.0,1.9,27.8,65.5,1008.0,0.0,81.0,14.9,0.0,0.0
Visakhapatnam,416.0,70.0,7.5,23.0,2.7,6.2,2.2,27.9,64.0,1008.0,0.0,80.0,18.5,0.0,0.0
Visakhapatnam,417.0,72.0,2.1,24.0,2.6,5.7,2.7,28.2,69.5,1008.5,0.0,94.0,13.6,0.0,0.0
Visakhapatnam,418.0,72.0,2.5,24.0,2.5,6.2,1.8,27.8,74.7,1009.0,0.0,88.0,12.0,0.0,0.0
Visakhapatnam,419.0,56.0,2.0,25.0,2.3,5.7,3.2,27.7,74.5,1008.0,0.0,68.0,9.0,0.0,0.0
Visakhapatnam,420.0,56.0,2.0,25.0,1.8,5.2,2.7,28.3,72.5,1007.0,0.0,71.0,11.2,0.0,0.0
Visakhapatnam,421.0,61.0,1.3,24.0,1.8,6.9,2.3,28.1,70.0,1006.0,0.0,75.0,19.7,0.0,0.0
Visakhapatnam,422.0,57.0,1.5,24.0,2.3,5.6,8.2,27.7,68.2,1005.5,0.0,85.0,11.1,0.0,0.0
Visakhapatnam,423.0,48.0,1.5,25.0,2.0,6.1,6.3,27.5,72.0,1008.0,0.0,77.0,7.8,0.0,0.0
Visakhapatnam,424.0,50.0,1.5,25.0,2.7,5.8,2.1,27.4,75.2,1009.0,0.0,61.0,11.2,0.0,0.0
Visakhapatnam,425.0,76.0,1.7,25.0,2.8,6.2,2.2,28.3,72.7,1008.0,0.0,96.0,10.4,0.0,0.0
Visakhapatnam,426.0,78.0,1.5,26.0,3.1,5.9,4.9,28.4,75.5,1007.0,0.0,100.0,12.8,0.0,0.0
Visakhapatnam,427.0,71.0,1.2,27.0,3.6,6.4,2.5,28.3,75.5,1005.0,0.0,83.0,11.0,0.0,0.0
Visakhapatnam,428.0,66.0,1.6,26.0,3.7,7.2,2.3,27.6,70.7,1006.0,0.0,73.0,10.5,0.0,0.0
Visakhapatnam,429.0,53.0,2.8,26.0,3.2,5.5,2.1,28.2,73.2,1006.0,0.0,57.0,6.6,0.0,0.0
Visakhapatnam,430.0,43.0,2.5,26.0,1.7,5.4,3.9,28.3,71.7,1005.0,0.0,45.0,7.0,0.0,0.0
Mumbai,401.0,70.0,21.6,23.0,0.8,13.7,4.8,28.1,60.8,1011.0,0.0,81.0,7.2,0.0,0.0
Mumbai,402.0,63.0,22.3,23.0,1.1,15.2,5.4,28.2,65.6,1010.5,0.0,90.0,9.5,0.0,0.0
Mumbai,403.0,68.0,13.6,23.0,0.8,15.0,5.5,28.9,64.1,1009.0,0.0,76.0,8.8,0.0,0.0
Mumbai,404.0,57.0,12.8,24.5,0.7,15.2,4.6,29.1,74.0,1010.0,0.0,80.0,8.3,0.0,0.0
Mumbai,405.0,55.0,11.4,24.0,0.7,15.6,5.8,29.7,64.3,1012.0,0.0,73.0,7.7,0.0,0.0
Mumbai,406.0,59.0,11.7,23.0,0.5,15.7,5.6,29.3,60.7,1011.5,0.0,76.0,9.5,0.0,0.0
Mumbai,407.0,63.0,14.4,23.0,0.7,17.2,5.4,29.5,66.0,1010.0,0.0,71.0,9.8,0.0,0.0
Mumbai,408.0,56.0,14.3,23.5,0.6,15.5,5.4,30.1,70.0,1009.0,0.0,74.0,9.2,0.0,0.0
Mumbai,409.0,56.0,13.0,23.0,0.9,17.1,6.0,29.8,71.3,1009.5,0.0,68.0,7.6,0.0,0.0
Mumbai,410.0,55.0,12.6,24.0,0.6,15.7,5.3,29.2,78.3,1010.0,9.2,65.0,6.0,0.0,0.0
Mumbai,411.0,59.0,11.9,24.0,0.7,15.5,5.0,29.8,81.0,1009.5,0.0,70.0,5.4,0.0,0.0
Mumbai,412.0,62.0,12.2,24.5,0.7,16.2,5.1,29.8,78.5,1009.0,0.0,81.0,6.7,0.0,0.0
Mumbai,413.0,82.0,13.8,23.0,0.7,16.4,4.8,31.6,65.4,1008.5,0.0,102.0,7.6,0.0,0.0
Mumbai,0.0,0.0,0.0,0.0,0.0,0.0,0.0,0.0,0.0,0.0,0.0,0.0,0.0,0.0,0.0
Mumbai,415.0,75.0,21.8,24.5,0.7,17.0,5.4,31.1,70.8,1008.5,8.7,76.0,7.4,0.0,0.0
Mumbai,416.0,61.0,14.5,24.0,0.7,16.2,5.6,30.7,70.8,1009.0,0.0,91.0,6.4,0.0,0.0
Mumbai,417.0,47.0,10.3,17.5,0.9,15.2,7.5,29.9,59.1,1010.5,0.0,53.0,4.5,0.0,0.0
Mumbai,418.0,68.0,10.3,20.0,0.6,15.9,7.3,29.8,61.1,1011.0,10.2,78.0,7.7,0.0,0.0
Mumbai,419.0,68.0,10.2,21.0,0.6,16.6,6.5,30.9,67.5,1008.5,8.7,77.0,6.2,0.0,0.0
Mumbai,420.0,71.0,11.7,22.5,0.6,17.5,6.2,29.6,70.0,1007.0,0.0,72.0,10.1,0.0,0.0
Mumbai,421.0,59.0,11.8,23.0,0.8,17.3,6.0,29.8,70.8,1007.0,0.0,72.0,7.7,0.0,0.0
Mumbai,422.0,62.0,12.6,22.0,0.6,16.5,5.8,30.1,70.8,1007.5,0.0,71.0,7.9,0.0,0.0
Mumbai,423.0,56.0,13.1,24.0,0.8,16.0,5.4,30.1,70.8,1008.0,8.7,63.0,6.0,0.0,0.0
Mumbai,424.0,63.0,12.3,24.0,0.8,15.9,5.7,30.9,70.8,1009.0,10.2,65.0,5.1,0.0,0.0
Mumbai,425.0,63.0,12.0,22.5,0.7,15.9,6.4,31.1,65.2,1008.0,9.7,60.0,4.9,0.0,0.0
Mumbai,426.0,78.0,12.0,25.0,0.9,16.3,7.5,32.1,66.0,1007.0,11.3,64.0,7.6,0.0,0.0
Mumbai,427.0,88.0,12.2,24.0,0.5,17.0,7.4,32.9,62.2,1006.0,0.0,81.0,13.4,0.0,0.0
Mumbai,428.0,84.0,12.0,25.5,0.8,17.2,6.2,32.3,64.4,1006.0,0.0,83.0,13.9,0.0,0.0
Mumbai,429.0,67.0,12.1,25.5,0.9,16.7,5.4,31.2,68.4,1007.0,0.0,80.0,10.3,0.0,0.0
Mumbai,430.0,69.0,12.2,24.5,0.8,16.6,5.1,30.4,66.4,1007.0,9.2,79.0,13.5,0.0,0.0
Jaipur,401.0,69.0,5.6,2.0,1.2,7.5,24.4,29.5,14.1,1010.5,0.0,105.0,17.3,0.0,0.0
Jaipur,402.0,65.0,7.2,3.5,1.3,7.0,29.4,29.9,17.1,1010.0,0.0,109.0,10.5,0.0,0.0
Jaipur,403.0,72.0,7.7,2.5,1.2,8.2,31.6,32.3,15.1,1009.5,0.0,108.0,12.6,0.0,0.0
Jaipur,404.0,69.0,8.1,5.0,1.4,8.1,28.7,32.6,15.9,1010.0,0.0,112.0,9.5,0.0,0.0
Jaipur,405.0,94.0,5.9,5.0,1.3,9.2,21.5,33.6,14.3,1009.0,0.0,115.0,16.0,0.0,0.0
Jaipur,406.0,88.0,5.9,5.5,1.4,6.7,21.1,34.0,14.5,1009.0,0.0,112.0,9.9,0.0,0.0
Jaipur,407.0,93.0,7.2,5.5,1.5,6.6,25.6,32.0,17.5,1007.0,15.4,119.0,10.9,0.0,0.0
Jaipur,408.0,139.0,6.2,11.5,1.4,6.7,25.0,31.5,25.1,1007.5,0.0,157.0,8.1,0.0,0.0
Jaipur,409.0,102.0,6.8,10.5,1.6,7.4,27.5,33.8,23.0,1007.0,0.0,138.0,9.9,0.0,0.0
Jaipur,410.0,94.0,7.6,10.0,1.0,7.9,27.6,34.0,21.1,1009.0,0.0,138.0,10.8,0.0,0.0
Jaipur,411.0,94.0,7.0,9.5,1.6,6.8,29.7,34.4,20.3,1009.0,0.0,133.0,9.1,0.0,0.0
Jaipur,412.0,114.0,6.5,9.0,1.5,8.0,29.4,34.1,21.0,1009.0,0.0,147.0,9.4,0.0,0.0
Jaipur,413.0,87.0,6.5,11.0,1.5,7.1,32.8,33.5,25.7,1009.0,0.0,129.0,9.5,0.0,0.0
Jaipur,0.0,0.0,0.0,0.0,0.0,0.0,0.0,0.0,0.0,0.0,0.0,0.0,0.0,0.0,0.0
Jaipur,415.0,103.0,6.4,9.0,1.7,6.1,27.0,33.0,22.0,1008.5,12.8,134.0,10.1,0.0,0.0
Jaipur,416.0,76.0,6.2,15.0,1.7,6.5,20.4,25.2,46.9,1011.0,10.2,124.0,9.5,0.0,0.0
Jaipur,417.0,48.0,4.6,17.5,2.1,6.5,16.1,20.4,63.5,1011.0,10.2,79.0,8.5,0.0,0.0
Jaipur,418.0,53.0,5.1,13.5,1.3,7.3,23.7,25.5,46.8,1012.5,0.0,89.0,11.1,0.0,0.0
Jaipur,419.0,60.0,4.6,11.0,1.2,6.2,22.5,27.2,34.3,1011.0,0.0,95.0,15.0,0.0,0.0
Jaipur,420.0,58.0,5.1,10.0,1.0,6.3,27.0,29.4,27.7,1008.0,0.0,96.0,14.7,0.0,0.0
Jaipur,421.0,66.0,5.1,8.5,1.1,6.0,26.4,32.0,21.4,1007.0,0.0,100.0,13.5,0.0,0.0
Jaipur,422.0,80.0,5.9,8.5,1.0,7.5,12.6,33.4,18.3,1007.0,0.0,111.0,21.3,0.0,0.0
Jaipur,423.0,94.0,6.6,8.0,1.0,9.7,11.5,35.2,16.8,1008.0,0.0,130.0,17.0,0.0,0.0
Jaipur,424.0,91.0,6.2,5.0,1.4,6.6,16.6,34.7,15.4,1009.0,0.0,125.0,14.4,0.0,0.0
Jaipur,425.0,101.0,8.1,4.0,1.3,7.8,21.6,36.0,13.5,1008.5,10.2,140.0,13.1,0.0,0.0
Jaipur,426.0,130.0,6.5,9.0,1.3,8.6,28.4,36.0,18.2,1008.0,0.0,159.0,13.9,0.0,0.0
Jaipur,427.0,89.0,5.6,4.0,1.5,7.1,24.4,36.5,12.3,1008.0,0.0,140.0,20.4,0.0,0.0
Jaipur,428.0,100.0,6.4,4.0,1.3,5.5,27.3,36.0,12.0,1007.0,0.0,152.0,13.7,0.0,0.0
Jaipur,429.0,102.0,6.2,3.5,1.2,6.6,31.9,35.5,11.6,1006.0,0.0,152.0,12.0,0.0,0.0
Jaipur,430.0,95.0,5.1,3.5,1.0,9.4,9.1,35.0,11.7,1003.0,10.2,142.0,16.1,0.0,0.0
Patna,401.0,0.0,23.1,19.0,1.6,8.2,22.9,31.2,60.6,1008.0,9.2,136.0,9.5,0.0,0.0
Patna,402.0,0.0,8.7,16.0,0.7,8.4,15.1,31.2,53.2,1008.0,0.0,153.0,16.5,0.0,0.0
Patna,403.0,0.0,10.5,14.0,0.6,11.8,10.3,32.9,48.6,1008.5,0.0,161.0,21.1,0.0,0.0
Patna,404.0,0.0,8.4,19.0,1.1,8.9,17.3,32.8,64.6,1009.0,0.0,151.0,12.0,0.0,0.0
Patna,405.0,0.0,7.8,21.0,1.6,8.8,22.1,32.8,67.9,1008.5,0.0,147.0,9.5,0.0,0.0
Patna,406.0,0.0,8.2,22.0,1.9,7.6,15.9,32.0,64.7,1008.0,0.0,134.0,5.4,0.0,0.0
Patna,407.0,0.0,21.0,18.0,0.8,6.0,26.9,31.8,71.2,1008.0,0.0,93.0,20.5,0.0,0.0
Patna,408.0,0.0,19.5,20.0,0.9,10.1,20.6,32.3,64.7,1006.0,0.0,134.0,15.9,0.0,0.0
Patna,409.0,0.0,7.5,20.0,0.6,8.4,18.9,33.0,74.1,1006.0,0.0,127.0,8.1,0.0,0.0
Patna,410.0,0.0,8.1,18.0,1.2,7.0,21.7,32.0,62.4,1008.0,0.0,109.0,8.2,0.0,0.0
Patna,411.0,0.0,7.8,20.0,0.5,8.1,18.2,30.2,59.0,1008.0,0.0,139.0,17.2,0.0,0.0
Patna,412.0,0.0,8.3,21.0,0.5,9.0,15.8,31.3,55.5,1006.0,0.0,154.0,11.9,0.0,0.0
Patna,413.0,0.0,9.7,21.0,0.3,8.5,15.5,30.9,48.1,1006.0,0.0,154.0,6.4,0.0,0.0
Patna,0.0,0.0,0.0,0.0,0.0,0.0,0.0,0.0,0.0,0.0,0.0,0.0,0.0,0.0,0.0
Patna,415.0,0.0,11.8,20.0,0.8,8.6,16.6,32.4,66.7,1005.0,0.0,140.0,6.7,0.0,0.0
Patna,416.0,0.0,7.4,21.0,1.0,7.8,13.5,31.3,50.2,1006.0,9.2,152.0,8.0,0.0,0.0
Patna,417.0,0.0,7.1,16.5,0.6,8.3,21.7,31.2,57.6,1011.0,10.2,95.0,8.4,0.0,0.0
Patna,418.0,0.0,9.1,17.0,0.7,8.2,17.7,31.1,47.4,1009.0,0.0,99.0,7.6,0.0,0.0
Patna,419.0,0.0,7.2,15.0,0.4,8.1,24.5,31.1,50.5,1007.5,0.0,122.0,6.6,0.0,0.0
Patna,420.0,0.0,10.6,15.0,0.3,8.7,21.9,32.9,42.4,1005.5,0.0,104.0,9.5,0.0,0.0
Patna,421.0,0.0,8.8,15.0,0.3,10.2,18.9,30.7,44.1,1004.0,0.0,156.0,16.5,0.0,0.0
Patna,422.0,0.0,10.7,16.0,0.7,10.3,22.5,31.9,50.6,1005.0,0.0,140.0,19.1,0.0,0.0
Patna,423.0,0.0,8.0,19.5,1.5,8.7,28.6,32.3,54.7,1007.0,0.0,133.0,10.7,0.0,0.0
Patna,424.0,0.0,9.0,19.0,1.0,10.2,22.7,32.0,51.7,1007.0,0.0,142.0,9.1,0.0,0.0
Patna,425.0,0.0,12.3,20.5,0.3,10.0,20.2,31.6,49.7,1006.0,0.0,154.0,13.5,0.0,0.0
Patna,426.0,0.0,20.7,21.0,0.7,6.8,33.7,31.3,56.0,1004.0,0.0,154.0,8.7,0.0,0.0
Patna,427.0,0.0,7.3,14.0,0.4,8.1,24.7,31.5,32.8,1003.0,0.0,156.0,8.0,0.0,0.0
Patna,428.0,0.0,10.5,10.5,0.4,6.5,23.7,31.7,35.0,1003.0,13.8,156.0,11.6,0.0,0.0
Patna,429.0,0.0,9.9,14.0,0.5,7.2,15.8,31.4,39.2,1003.0,0.0,151.0,11.1,0.0,0.0
Patna,430.0,0.0,10.9,19.0,0.5,6.0,18.7,31.1,43.6,1002.0,0.0,156.0,10.2,0.0,0.0
Muzaffarnagar,401.0,98.0,12.5,13.3,0.4,5.3,25.9,29.8,41.0,937.6,0.0,158.0,6.3,0.0,0.0
Muzaffarnagar,402.0,134.0,23.1,11.9,0.3,9.4,19.0,30.1,41.7,938.8,0.0,188.0,11.1,0.0,0.0
Muzaffarnagar,403.0,113.0,14.7,15.0,0.3,6.6,25.2,28.9,44.0,938.3,0.0,175.0,6.8,0.0,0.0
Muzaffarnagar,404.0,174.0,19.3,16.5,0.3,13.4,21.2,29.5,42.2,939.5,0.0,239.0,18.7,0.0,0.0
Muzaffarnagar,405.0,172.0,15.5,17.5,0.3,13.3,18.3,29.8,48.0,938.5,0.0,219.0,16.6,0.0,0.0
Muzaffarnagar,406.0,191.0,13.4,18.3,0.3,12.7,14.7,29.8,48.5,937.3,0.0,229.0,12.8,0.0,0.0
Muzaffarnagar,407.0,134.0,10.0,15.4,0.6,7.0,15.6,29.4,50.0,936.7,0.0,167.0,6.6,0.0,0.0
Muzaffarnagar,408.0,176.0,10.7,17.4,0.4,8.9,9.1,29.7,52.5,938.1,0.0,184.0,11.6,0.0,0.0
Muzaffarnagar,409.0,125.0,18.4,15.7,0.3,8.5,18.3,30.5,44.2,937.1,0.0,187.0,22.6,0.0,0.0
Muzaffarnagar,410.0,150.0,19.9,18.1,0.4,10.7,28.3,30.4,41.5,938.8,0.0,202.0,16.0,0.0,0.0
Muzaffarnagar,411.0,111.0,16.4,16.9,0.5,6.1,28.3,30.1,38.7,937.5,0.0,164.0,11.8,0.0,0.0
Muzaffarnagar,412.0,105.0,12.1,16.2,1.0,6.7,28.0,30.1,39.0,938.5,0.0,158.0,11.6,0.0,0.0
Muzaffarnagar,413.0,126.0,17.3,16.2,0.8,5.8,24.7,30.4,38.0,938.9,0.0,155.0,12.5,0.0,0.0
Muzaffarnagar,0.0,0.0,0.0,0.0,0.0,0.0,0.0,0.0,0.0,0.0,0.0,0.0,0.0,0.0,0.0
Muzaffarnagar,415.0,88.0,10.7,14.9,0.8,4.7,21.5,30.0,32.5,936.8,0.0,118.0,11.4,0.0,0.0
Muzaffarnagar,416.0,87.0,13.8,16.5,1.7,3.7,22.9,30.8,48.0,939.0,0.0,113.0,11.3,0.0,0.0
Muzaffarnagar,417.0,63.0,9.7,15.9,0.8,3.0,20.7,31.0,58.2,942.0,0.0,113.0,10.9,0.0,0.0
Muzaffarnagar,418.0,65.0,13.5,15.5,0.5,5.7,14.3,29.9,48.2,941.2,0.0,117.0,12.4,0.0,0.0
Muzaffarnagar,419.0,68.0,13.2,13.8,0.3,5.1,15.4,29.4,42.0,938.6,0.0,134.0,15.4,0.0,0.0
Muzaffarnagar,420.0,123.0,19.5,16.0,0.3,7.1,19.0,29.3,40.2,936.6,0.0,176.0,22.8,0.0,0.0
Muzaffarnagar,421.0,135.0,17.4,15.7,0.3,9.3,21.1,29.1,38.2,935.6,0.0,182.0,24.9,0.0,0.0
Muzaffarnagar,422.0,110.0,15.7,16.4,0.3,7.2,18.9,29.1,37.2,935.7,0.0,170.0,18.5,0.0,0.0
Muzaffarnagar,423.0,145.0,20.1,17.9,0.4,9.5,32.9,29.7,42.2,937.2,0.0,181.0,13.0,0.0,0.0
Muzaffarnagar,424.0,149.0,14.1,20.9,0.5,8.3,27.3,29.9,45.7,939.1,0.0,181.0,12.4,0.0,0.0
Muzaffarnagar,425.0,134.0,14.1,18.8,0.5,7.5,18.8,30.1,48.2,938.2,0.0,169.0,14.1,0.0,0.0
Muzaffarnagar,426.0,124.0,12.2,15.7,0.6,9.1,19.0,29.5,35.0,937.0,0.0,168.0,17.2,0.0,0.0
Muzaffarnagar,427.0,133.0,7.9,13.1,1.2,4.8,29.5,29.1,25.7,935.5,0.0,149.0,14.2,0.0,0.0
Muzaffarnagar,428.0,143.0,11.7,11.3,1.0,4.6,23.8,29.3,27.0,934.7,0.0,156.0,11.5,0.0,0.0
Muzaffarnagar,429.0,133.0,14.5,11.6,0.5,4.9,24.7,29.3,26.7,934.2,0.0,152.0,17.8,0.0,0.0
Muzaffarnagar,430.0,148.0,21.0,12.4,0.4,8.3,35.5,29.4,31.2,933.2,0.0,181.0,21.4,0.0,0.0
Thiruvananthapuram,401.0,63.0,0.7,24.5,1.9,7.2,17.6,29.7,71.7,1010.0,0.0,111.0,1.7,0.0,0.0
Thiruvananthapuram,402.0,63.0,0.8,25.0,1.9,7.1,17.1,30.0,70.7,1009.5,9.7,115.0,2.1,0.0,0.0
Thiruvananthapuram,403.0,64.0,1.5,25.0,1.5,7.2,17.7,30.3,70.0,1009.0,0.0,114.0,2.1,0.0,0.0
Thiruvananthapuram,404.0,43.0,0.7,24.0,1.2,7.0,17.5,30.4,67.7,1010.5,0.0,76.0,2.4,0.0,0.0
Thiruvananthapuram,405.0,39.0,1.6,24.0,1.1,6.4,15.0,30.1,66.3,1011.0,0.0,65.0,2.6,0.0,0.0
Thiruvananthapuram,406.0,44.0,0.4,25.0,1.6,6.7,15.9,30.1,73.0,1010.0,9.7,67.0,2.4,0.0,0.0
Thiruvananthapuram,407.0,56.0,0.6,25.0,1.6,5.9,19.0,30.0,72.5,1009.0,9.2,86.0,1.7,0.0,0.0
Thiruvananthapuram,408.0,56.0,1.3,25.5,1.4,6.3,18.4,30.0,69.2,1008.5,0.0,83.0,2.1,0.0,0.0
Thiruvananthapuram,409.0,56.0,1.0,25.3,1.2,8.0,18.0,28.7,71.7,1009.0,0.0,86.0,1.7,0.0,0.0
Thiruvananthapuram,410.0,55.0,1.1,25.0,1.5,8.5,23.0,28.8,69.2,1009.0,0.0,89.0,1.9,0.0,0.0
Thiruvananthapuram,411.0,57.0,0.4,26.0,1.5,8.3,21.1,28.8,68.5,1009.0,0.0,85.0,1.6,0.0,0.0
Thiruvananthapuram,412.0,57.0,0.6,25.0,1.8,7.8,17.4,29.2,69.7,1008.0,10.2,86.0,1.7,0.0,0.0
Thiruvananthapuram,413.0,53.0,0.5,26.0,1.7,7.6,18.8,29.1,72.0,1008.5,9.2,85.0,1.6,0.0,0.0
Thiruvananthapuram,0.0,0.0,0.0,0.0,0.0,0.0,0.0,0.0,0.0,0.0,0.0,0.0,0.0,0.0,0.0
Thiruvananthapuram,415.0,46.0,1.0,25.0,1.2,8.0,16.3,29.0,74.0,1009.0,0.0,80.0,1.6,0.0,0.0
Thiruvananthapuram,416.0,49.0,0.8,25.5,1.2,9.0,16.3,29.1,70.0,1008.5,0.0,81.0,2.9,0.0,0.0
Thiruvananthapuram,417.0,44.0,0.8,25.0,1.1,8.4,14.7,28.9,74.6,1009.0,0.0,74.0,2.9,0.0,0.0
Thiruvananthapuram,418.0,38.0,0.4,26.0,1.2,8.0,18.9,28.8,76.2,1008.5,0.0,77.0,2.2,0.0,0.0
Thiruvananthapuram,419.0,36.0,0.3,26.0,0.9,8.2,18.6,28.8,74.6,1008.0,0.0,66.0,1.7,0.0,0.0
Thiruvananthapuram,420.0,33.0,0.6,25.0,1.1,8.9,19.8,28.5,74.2,1007.0,0.0,30.0,1.7,0.0,0.0
Thiruvananthapuram,421.0,25.0,0.7,25.0,1.2,8.4,16.5,28.5,76.7,1006.5,0.0,0.0,1.7,0.0,0.0
Thiruvananthapuram,422.0,35.0,0.6,25.5,1.9,8.4,21.1,28.6,71.5,1005.5,10.2,74.0,1.4,0.0,0.0
Thiruvananthapuram,423.0,28.0,0.7,26.0,1.1,6.4,25.6,28.7,70.0,1007.5,0.0,54.0,1.6,0.0,0.0
Thiruvananthapuram,424.0,35.0,0.9,25.0,1.2,7.6,22.4,29.5,72.0,1008.0,0.0,66.0,1.9,0.0,0.0
Thiruvananthapuram,425.0,43.0,1.8,25.0,1.4,7.3,23.1,29.6,71.0,1008.0,0.0,74.0,2.3,0.0,0.0
Thiruvananthapuram,426.0,56.0,1.3,25.0,2.3,7.3,21.6,29.8,72.5,1007.0,10.2,82.0,2.1,0.0,0.0
Thiruvananthapuram,427.0,54.0,0.4,26.0,1.5,9.8,17.2,29.9,76.0,1006.5,10.2,78.0,2.5,0.0,0.0
Thiruvananthapuram,428.0,52.0,1.5,26.0,2.0,8.5,15.6,29.8,76.0,1006.5,0.0,77.0,1.5,0.0,0.0
Thiruvananthapuram,429.0,50.0,0.9,26.0,1.8,7.6,18.3,29.7,72.5,1007.5,0.0,75.0,1.6,0.0,0.0
Thiruvananthapuram,430.0,50.0,1.4,24.0,2.0,8.5,22.2,29.4,74.2,1007.5,0.0,62.0,1.9,0.0,0.0
Bengaluru,401.0,73.0,2.7,8.5,1.4,7.3,16.0,27.1,33.5,1015.5,0.0,125.0,11.4,0.0,0.0
Bengaluru,402.0,75.0,3.0,10.0,1.2,6.7,12.9,27.5,36.5,1015.0,0.0,124.0,14.7,0.0,0.0
Bengaluru,403.0,75.0,2.4,10.5,1.0,7.1,16.8,28.1,39.1,1015.0,0.0,120.0,14.5,0.0,0.0
Bengaluru,404.0,70.0,2.9,11.5,1.7,6.9,17.5,27.9,40.5,1016.0,10.8,104.0,11.6,0.0,0.0
Bengaluru,405.0,71.0,2.9,10.0,1.6,8.3,18.7,27.2,38.2,1017.0,0.0,110.0,12.8,0.0,0.0
Bengaluru,406.0,72.0,2.4,9.5,1.0,7.4,22.5,28.5,35.7,1016.0,0.0,120.0,12.2,0.0,0.0
Bengaluru,407.0,66.0,2.3,10.5,1.2,8.2,23.3,28.8,37.0,1015.0,8.7,113.0,11.6,0.0,0.0
Bengaluru,408.0,64.0,2.1,15.0,2.0,7.3,24.1,28.4,50.0,1014.5,0.0,102.0,11.8,0.0,0.0
Bengaluru,409.0,67.0,1.9,16.0,1.7,6.9,26.5,28.1,48.5,1014.5,0.0,107.0,12.9,0.0,0.0
Bengaluru,410.0,76.0,2.0,13.5,1.2,8.1,15.7,28.5,42.0,1015.5,0.0,132.0,14.8,0.0,0.0
Bengaluru,411.0,73.0,2.8,9.5,1.2,7.0,12.3,27.1,36.7,1015.0,0.0,122.0,12.9,0.0,0.0
Bengaluru,412.0,73.0,2.6,10.0,1.6,7.1,15.3,27.5,34.0,1014.0,0.0,110.0,12.8,0.0,0.0
Bengaluru,413.0,71.0,3.4,10.9,1.8,7.3,18.0,26.9,31.7,1014.5,0.0,109.0,12.4,0.0,0.0
Bengaluru,0.0,0.0,0.0,0.0,0.0,0.0,0.0,0.0,0.0,0.0,0.0,0.0,0.0,0.0,0.0
Bengaluru,415.0,65.0,3.3,9.0,1.2,6.5,14.8,26.6,31.4,1015.0,6.6,111.0,12.1,0.0,0.0
Bengaluru,416.0,64.0,2.8,9.5,1.6,6.8,14.0,26.0,36.7,1014.5,47.3,96.0,11.0,0.0,0.0
Bengaluru,417.0,65.0,2.4,20.3,1.8,7.4,9.9,25.5,67.9,1015.0,12.8,107.0,10.5,0.0,0.0
Bengaluru,418.0,55.0,1.9,19.5,1.5,7.5,9.6,24.6,60.6,1014.5,7.7,88.0,12.3,0.4,0.0
Bengaluru,419.0,48.0,1.8,18.5,2.3,6.8,14.1,25.9,53.5,1014.0,0.0,82.0,9.9,0.0,0.0
Bengaluru,420.0,54.0,2.6,20.5,2.0,7.4,16.5,25.0,64.5,1013.0,12.8,83.0,10.9,0.0,0.0
Bengaluru,421.0,43.0,1.9,18.0,2.0,6.7,16.6,24.8,54.0,1012.0,0.0,70.0,10.2,0.0,0.0
Bengaluru,422.0,62.0,1.9,20.5,2.0,7.5,12.3,25.3,63.4,1012.0,13.3,97.0,10.5,0.0,0.0
Bengaluru,423.0,56.0,1.8,16.0,1.5,7.9,20.1,25.8,52.2,1013.0,10.8,86.0,10.3,0.0,0.0
Bengaluru,424.0,60.0,2.0,14.2,1.2,7.0,20.5,25.9,41.7,1015.0,0.0,97.0,12.7,0.0,0.0
Bengaluru,425.0,71.0,2.3,10.5,1.0,7.0,16.9,26.0,37.2,1014.5,10.2,125.0,13.9,0.0,0.0
Bengaluru,426.0,73.0,1.8,13.5,1.2,7.0,18.0,26.2,41.2,1013.5,0.0,128.0,13.5,0.0,0.0
Bengaluru,427.0,81.0,2.2,13.5,1.4,6.3,22.7,26.9,38.0,1013.0,10.8,141.0,11.0,0.0,0.0
Bengaluru,428.0,74.0,2.7,14.5,1.0,7.5,16.9,26.5,44.7,1013.0,7.7,127.0,11.3,0.0,0.0
Bengaluru,429.0,73.0,1.9,16.5,1.4,6.9,16.2,26.6,51.5,1013.0,8.2,129.0,11.1,0.0,0.0
Bengaluru,430.0,67.0,1.7,21.5,2.3,6.3,22.3,25.9,64.7,1012.5,8.7,107.0,9.7,0.0,0.0
Kolkata,401.0,54.0,1.2,23.5,1.7,4.2,12.9,27.4,70.5,1008.5,0.0,89.0,9.1,0.0,0.0
Kolkata,402.0,58.0,1.1,25.5,1.4,4.6,8.1,28.1,79.3,1007.5,0.0,119.0,11.1,0.0,0.0
Kolkata,403.0,57.0,0.9,25.0,1.5,4.2,9.2,28.1,77.5,1009.0,0.0,112.0,9.9,0.0,0.0
Kolkata,404.0,56.0,1.1,25.0,1.7,4.4,8.0,28.0,77.4,1009.0,0.0,101.0,9.3,0.0,0.0
Kolkata,405.0,60.0,0.7,25.0,1.3,4.5,9.6,27.5,75.2,1008.0,0.0,108.0,8.5,0.0,0.0
Kolkata,406.0,62.0,5.2,20.0,1.2,4.2,13.3,25.1,68.8,1009.0,0.0,107.0,14.2,0.0,0.0
Kolkata,407.0,48.0,4.3,21.0,1.2,4.2,18.5,26.1,71.5,1008.5,0.0,92.0,14.1,0.0,0.0
Kolkata,408.0,50.0,6.4,21.0,1.4,3.9,13.4,27.1,63.6,1007.5,0.0,90.0,14.4,0.0,0.0
Kolkata,409.0,52.0,3.9,22.5,1.5,4.3,11.9,25.6,70.8,1007.0,12.8,94.0,13.6,0.0,0.0
Kolkata,410.0,50.0,2.4,24.0,1.5,5.0,10.6,27.0,76.7,1009.0,0.0,84.0,16.3,0.0,0.0
Kolkata,411.0,52.0,0.8,26.0,1.3,4.7,5.5,28.0,81.4,1008.0,0.0,95.0,9.8,0.0,0.0
Kolkata,412.0,58.0,1.6,26.0,1.0,4.5,6.5,28.4,79.0,1007.0,0.0,96.0,11.2,0.0,0.0
Kolkata,413.0,59.0,2.4,25.0,1.3,4.5,10.9,27.4,70.6,1007.5,14.4,106.0,11.4,0.0,0.0
Kolkata,0.0,0.0,0.0,0.0,0.0,0.0,0.0,0.0,0.0,0.0,0.0,0.0,0.0,0.0,0.0
Kolkata,415.0,55.0,2.5,27.0,1.5,4.7,8.1,29.0,81.5,1006.0,0.0,99.0,8.3,0.0,0.0
Kolkata,416.0,62.0,2.3,27.0,1.3,5.1,9.3,29.6,73.8,1006.5,0.0,107.0,8.0,0.0,0.0
Kolkata,417.0,76.0,4.0,23.0,1.5,6.1,14.5,29.0,58.0,1009.0,0.0,152.0,13.8,0.0,0.0
Kolkata,418.0,106.0,9.6,20.5,0.8,5.8,13.4,29.2,49.0,1009.0,0.0,160.0,17.2,0.0,0.0
Kolkata,419.0,99.0,8.2,20.0,1.2,6.3,16.3,28.1,56.2,1008.0,0.0,154.0,18.7,0.0,0.0
Kolkata,420.0,71.0,9.1,18.5,0.9,5.8,18.7,28.5,55.0,1006.0,0.0,123.0,15.8,0.0,0.0
Kolkata,421.0,59.0,2.7,23.0,1.4,4.7,15.0,28.0,73.0,1005.5,11.5,107.0,8.3,0.0,0.0
Kolkata,422.0,64.0,5.7,21.0,0.9,5.6,13.2,28.0,67.6,1006.0,0.0,132.0,15.9,0.0,0.0
Kolkata,423.0,57.0,4.5,23.0,1.1,4.7,14.3,30.1,60.9,1007.0,0.0,102.0,12.9,0.0,0.0
Kolkata,424.0,58.0,3.4,24.0,1.2,4.1,10.3,30.1,65.5,1008.0,0.0,94.0,13.3,0.0,0.0
Kolkata,425.0,51.0,1.9,25.0,1.3,4.3,7.8,29.7,73.6,1007.0,0.0,87.0,11.0,0.0,0.0
Kolkata,426.0,60.0,1.5,26.0,1.5,4.6,10.0,28.5,69.7,1005.0,15.4,104.0,11.2,0.0,0.0
Kolkata,427.0,62.0,3.1,27.0,1.6,4.9,12.4,31.0,75.5,1004.5,0.0,117.0,10.1,0.0,0.0
Kolkata,428.0,61.0,1.2,28.0,1.8,3.8,5.9,30.1,76.0,1004.0,0.0,92.0,8.3,0.0,0.0
Kolkata,429.0,55.0,1.2,27.0,2.0,3.7,4.5,30.1,75.1,1004.0,0.0,79.0,7.8,0.0,0.0
Kolkata,430.0,44.0,1.5,25.0,2.4,4.2,5.5,30.0,69.4,1004.5,0.0,67.0,9.2,0.0,0.0
